role,skills
Data Scientist,Python SQL Machine Learning Data Analysis Statistics Deep Learning NumPy Pandas Visualization Research
DevOps Engineer,AWS Docker Kubernetes CI/CD Automation Cloud Linux Shell Scripting Terraform Monitoring Networking
Backend Developer,Java Python SQL APIs Data Structures REST GraphQL Microservices Node.js Caching Security
Cloud Architect,AWS Azure GCP Cloud Computing Automation Networking Infrastructure Security Cost Optimization Architecture
Frontend Developer,JavaScript React HTML CSS Web Design UI UX TypeScript Vue Responsive Accessibility
Machine Learning Engineer,Python Machine Learning TensorFlow Deep Learning Statistics PyTorch MLOps Feature Engineering Deployment
System Administrator,Linux Networking Automation Scripting Security Server Management Backup Monitoring Troubleshooting
Full Stack Developer,JavaScript Python SQL React APIs Node.js HTML CSS MongoDB Express TypeScript
Data Analyst,SQL Python Data Analysis Excel Statistics Power BI Tableau Visualization Reporting Dashboard
Mobile App Developer,Java Kotlin Swift iOS Android Mobile Development APIs React Native Flutter Cross Platform
Cybersecurity Engineer,Security Networking Ethical Hacking Penetration Testing Linux Cryptography Firewall SIEM Threat Analysis
Data Engineer,Python SQL ETL Spark Hadoop Airflow Data Pipeline Cloud Big Data Kafka Streaming
AI Research Scientist,Python Machine Learning Deep Learning Statistics Research TensorFlow Mathematics NLP Computer Vision Publishing
Product Manager,Agile Scrum Project Management Communication Analytics Strategy Roadmap Stakeholder Prioritization Leadership
Database Administrator,SQL MySQL PostgreSQL MongoDB Optimization Backup Security Performance Tuning Replication Indexing
